job_name,company,time_scraped,link
Analytics Engineer,Paylocity,2025-12-19 17:32:54,https://www.paylocity.com//www.paylocity.com/company/careers/all-listings.job.41360/
Proposal Pricing Analyst Level 4,Boeing,2025-12-19 19:33:31,https://jobs.boeing.com/job/bingen/proposal-pricing-analyst-level-4/185/89706792992
Quality Assurance Manager - Onsite,Boeing,2025-12-19 19:33:31,https://jobs.boeing.com/job/bingen/quality-assurance-manager-onsite/185/89706792976
Supply Chain Management Analyst Level 2/3,Boeing,2025-12-19 21:33:47,https://jobs.boeing.com/job/everett/supply-chain-management-analyst-level-2-3/185/89709421520
Strategic Pricing Analyst (Mid-Level),Boeing,2025-12-19 21:33:47,https://jobs.boeing.com/job/seattle/strategic-pricing-analyst-mid-level/185/89709432336
Entry-Level Procurement Financial Analyst,Boeing,2025-12-19 21:33:47,https://jobs.boeing.com/job/everett/entry-level-procurement-financial-analyst/185/89709432400
Lead Supply Chain Management Analyst,Boeing,2025-12-19 21:33:47,https://jobs.boeing.com/job/huntsville/lead-supply-chain-management-analyst/185/89709432432
Quality Manager Configuration Control Management,Boeing,2025-12-19 21:33:47,https://jobs.boeing.com/job/hialeah/quality-manager-configuration-control-management/185/89200850912
Senior Engineering Integration Lead (Level 4 and Level 5),Boeing,2025-12-19 21:33:47,https://jobs.boeing.com/job/san-antonio/senior-engineering-integration-lead-level-4-and-level-5/185/89709429104
Experienced Programmer Analyst-3,Boeing,2025-12-20 03:33:35,https://jobs.boeing.com/job/bengaluru/experienced-programmer-analyst-3/185/89715929200
Associate Programmer Analyst-2,Boeing,2025-12-20 03:33:35,https://jobs.boeing.com/job/bengaluru/associate-programmer-analyst-2/185/89715929104
Associate Programmer Analyst 2,Boeing,2025-12-20 03:33:35,https://jobs.boeing.com/job/bengaluru/associate-programmer-analyst-2/185/89715928944
Proposal Pricing Analyst Level 4,Boeing,2025-12-20 19:33:39,https://jobs.boeing.com/job/bingen/proposal-pricing-analyst-level-4/185/89742585504
Quality Assurance Manager - Onsite,Boeing,2025-12-20 19:33:39,https://jobs.boeing.com/job/bingen/quality-assurance-manager-onsite/185/89742585488
"Technical Lead, Full Stack & Al - HR Technology",CVS,2025-12-21 10:32:57,https://jobs.cvshealth.com/us/en/job/R0785853/Technical-Lead-Full-Stack-Al-HR-Technology
"Senior Product Manager, Learning Technology & AI Solutions",CVS,2025-12-21 18:33:01,https://jobs.cvshealth.com/us/en/job/R0790298/Senior-Product-Manager-Learning-Technology-AI-Solutions
Proposal Pricing Analyst Level 4,Boeing,2025-12-21 18:33:22,https://jobs.boeing.com/job/bingen/proposal-pricing-analyst-level-4/185/89777327440
Quality Assurance Manager - Onsite,Boeing,2025-12-21 18:33:22,https://jobs.boeing.com/job/bingen/quality-assurance-manager-onsite/185/89777327424
Learning & Development Business Analyst - HR Technology & AI Solutions,CVS,2025-12-22 07:32:57,https://jobs.cvshealth.com/us/en/job/R0790360/Learning-Development-Business-Analyst-HR-Technology-AI-Solutions
Lead Director - Data Science - AI,CVS,2025-12-22 08:33:17,https://jobs.cvshealth.com/us/en/job/R0799042/Lead-Director-Data-Science-AI
IT Operations Analyst - Night Shift,CVS,2025-12-22 08:33:17,https://jobs.cvshealth.com/us/en/job/R0782331/IT-Operations-Analyst-Night-Shift
"Sr Mgr, Business Analytics (IC)",CVS,2025-12-22 09:33:05,https://jobs.cvshealth.com/us/en/job/R0794243/Sr-Mgr-Business-Analytics-IC
Senior Financial Analyst,Boeing,2025-12-22 09:33:19,https://jobs.boeing.com/job/everett/senior-financial-analyst/185/89796732080
Senior Financial Business Unit Integrator,Boeing,2025-12-22 09:33:19,https://jobs.boeing.com/job/berkeley/senior-financial-business-unit-integrator/185/89796734496
AR Process Integration & Carrier Relations Analyst,Gallagher,2025-12-22 11:33:01,https://jobs.ajg.com/ajg-us/jobs/42420?lang=en-us&previousLocale=en-US
Medicare Stars Data Intelligence Data Scientist,CVS,2025-12-22 11:33:12,https://jobs.cvshealth.com/us/en/job/R0779681/Medicare-Stars-Data-Intelligence-Data-Scientist
IT Customer Service Analyst,CVS,2025-12-22 12:33:03,https://jobs.cvshealth.com/us/en/job/R0785811/IT-Customer-Service-Analyst
Principal Software Development Engineer,CVS,2025-12-22 13:33:02,https://jobs.cvshealth.com/us/en/job/R0762980/Principal-Software-Development-Engineer
Lead Director - Software Development Engineering,CVS,2025-12-22 13:33:02,https://jobs.cvshealth.com/us/en/job/R0773285/Lead-Director-Software-Development-Engineering
M&A Support Analyst,Gallagher,2025-12-22 14:32:50,https://jobs.ajg.com/ajg-us/jobs/46812?lang=en-us&previousLocale=en-US
Application Support Supervisor,Gallagher,2025-12-22 14:32:50,https://jobs.ajg.com/ajg-us/jobs/46810?lang=en-us&previousLocale=en-US
M&A Support Analyst,Gallagher,2025-12-22 14:32:50,https://jobs.ajg.com/ajg-us/jobs/46811?lang=en-us&previousLocale=en-US
